name,city,Company Full Url
100% Maison,3963 Crans-Montana,https://100maison.com/
123immo.ch,1950 Sion,http://www.123immo.ch
2S building Sàrl,1994 Aproz (Nendaz),https://www.2sbuilding.ch/
AB Immobilier,1941 Vollèges,https://www.ab-immobiliermaster.com/en/
ABC Real Estate Verbier,1936 Verbier,https://schraner-verbier.ch/
ACTIA Sàrl,1950 Sion,https://actia.ch
ALPIMMIA Immobilier Sàrl,3963 Crans-Montana,https://www.alpimmia.ch/
AM IMMOGERANCE SARL,1967 Bramois,https://www.amimmogerance.ch/
ANNIMMOB,3961 Grimentz,https://www.annimmob.ch/en
ANZIMOB SA,1972 Anzère,https://anzimob.ch
ARC,1936 Verbier,https://thearc.org/
ARGO Immobilier Sàrl,1975 St-Séverin,https://argo-immobilier.ch/
ASE SA,1955 St-Pierre-de-Clages,https://asesa.ch
Abitasion Sàrl,1950 Sion,https://abitasion.ch/
Accessimo,1950 Sion,
Acutim SA,1870 Monthey,https://www.auctim.com/
Adagi SA,1972 Anzère,https://adagi.ch/en/
Adonide Immobilier SA,1950 Sion,https://adonide-immobilier.ch/
Agence Eugster SA,1936 Verbier,https://agence-eugster.ch
Agence IMALP Gérance Sàrl,1950 Sion,http://www.imalp-gerance.ch
Agence Immobilière AGIVAL,3963 Crans-Montana,http://agence-agival.ch
Agence Immobilière Barras,3963 Crans-Montana,https://agencebarras.ch
Agence Immobilière Etoile de Saint-Luc Sàrl,3961 St-Luc,https://etoile-immo.ch/
Agence Immobilière Maytain,1875 Morgins,https://maytain.com
Agence L'Exclusif de l'Immobilier,3963 Crans-Montana,https://exclusif.ch
Agence Les Grillons Sàrl,3963 Crans-Montana,https://www.lesgrillons.ch/
Agence PHI Sàrl - Sion,1950 Sion,https://www.agence-phi.ch/fr/
Agence PHI Sàrl - Veysonnaz,1993 Veysonnaz,
Agence Trachsel SA,1972 Anzère,https://agence-trachsel.ch
Agence Viviane Immobilier Sàrl,1978 Lens,https://www.viviane-immobilier.ch/
Agence du Soleil,3963 Crans-Montana,https://www.agencedusoleil.com/
Agence immobilière DOMUS,1936 Verbier,https://agencedomus.ch
Agence immobilière EVOLENA Sàrl,1983 Evolène,
Agence immobilière le Valais.ch SA,1964 Conthey,https://levalaisimmobilier.ch
Agence le Cristal,3963 Crans-Montana,https://lecristal.ch
Agence-immo.ch,1950 Sion,https://agence-immo.ch
Alain Deslarzes Gérances SA,1950 Sion,https://immo-adg.ch
Alliance Immobilière Romande SA,1920 Martigny,https://www.airsa-immo.com/
Alp Résidences,1993 Veysonnaz,https://www.alpvisionresidences.com/
Alp'Architecture SA,1934 Le Châble VS,http://www.alparchitecture.ch
Alpeelocation SA,1997 Haute-Nendaz,https://alpeelocation.ch
Alpimmo Immobilier SA,1997 Haute-Nendaz,http://www.alpimmo.ch
Altitude Immobilier,3963 Crans-Montana,http://altitude-immobilier.ch
Amandine Vacances,1911 Ovronnaz,https://amandine-vacances.ch
Angela Immobilier SA,3963 Crans-Montana,https://angelaimmobilier.ch/
Anita Tissot Géobio-Immo Sàrl,1920 Martigny,https://anitatissot-immobilier.ch/
Anniviers Immobilier,3961 Grimentz,https://anniviers-immobilier.ch
Anzère Vacances Sàrl,1972 Anzère,https://anzere-vacances.ch
Ariane Immobilier,3963 Crans-Montana,https://ariane-immobilier.ch
Au Club Immobilier SA,1938 Champex-Lac,
Av.de la Gare 46,1920 Martigny,https://www.hotelvictoria.ch/en
Avanthay & Partners SA,1874 Champéry,https://www.avanthaypartners.com/en
B2B Immo SA,1897 Bouveret,
BARNES Ventes | Crans-Montana,3963 Crans-Montana,
BARNES Ventes | Sion,1950 Sion,https://www.barnes-international.com/
BARNES Ventes | Zermatt,3920 Zermatt,
BARNES | Verbier,1936 Verbier,https://barnes-suisse.com
BARRAS & SCHEUCHZER Immobilier SA,3963 Crans-Montana,https://www.bs-immobilier.ch/en/buy
BAY Invest Sàrl,1950 Sion,
Bagnes Immobilier Sàrl,1934 Le Châble VS,http://www.bagnesimmobilier.ch
BeHome,1955 Chamoson,https://behome.com/?srsltid=AfmBOoo4ZYA_vdlw24qVKFtpUEUKU9hnMMOS9DjVXgmLcQ0Uqt3Gy_td
Bellis Immo SA,1955 Chamoson,https://bellis-immo.ch
Beneyton Immo Sàrl,1868 Collombey,https://beneyton.com
Besson Immobilier SA,1936 Verbier,https://besson.ch
Besta Immobilier SA,1920 Martigny,https://bestazzoni.ch
Bigot Sàrl,3968 Veyras,https://www.bigot-sarl.fr/
Bonjour Conseils et Immobilier,1950 Sion,https://bonjour-ci.ch
Boson Immo,1926 Fully,https://bosonimmo.ch/fr
Bureau Commercial Freddy Michaud SA Immobilier,1936 Verbier,https://allverbier.com
Bureau d'Architecture Bernard Rey,3963 Crans-Montana,https://bernardarchitecture.ch/
Bureau d'affaires touristiques,3967 Vercorin,https://batimmobilier.ch
Bureau21 SA,3963 Crans-Montana,https://bureau21.ch/
C&P Constantin Immobilier Sàrl,3963 Crans-Montana,https://cpcimmo.ch/
C-service,1870 Monthey,http://www.csdcca.com/
CASALP SA I Anzère,1972 Anzère,https://agencecasalp.ch/ch/
CASALP SA I Crans-Montana,3963 Crans-Montana,https://agencecasalp.ch/ch/
CASALP SA I Haute-Nendaz,1997 Haute-Nendaz,https://agencecasalp.ch/ch/
CDE Construction,1870 Monthey,https://cde-construction.ch
CECIM - Centre de Compétences Immobilières,1950 Sion,http://www.cecim.ch
CH.HANSTEIN Immobilier Sàrl,3963 Crans-Montana,https://christianehanstein.com/en/
COM'IN Immobilier SA,1950 Sion,https://comin-immo.ch
Carron Immobilier SA,1950 Sion,https://carron-immobilier.ch
Ch.de la Barmète 18,1936 Verbier,https://www.chaletsverbier.ch/en
Chandolin Jolival Sàrl,3961 Chandolin,https://www.chandolinjolival.ch/en
ChateauShares Developments,1923 Les Marécottes,https://www.chateaushares.com/
Clerver and partners SA,3963 Crans-Montana,https://clever.sa/
Cobat Construction Sàrl,1950 Sion,https://www.cobatconstructions.fr/
Constantin Promotion SA,1920 Martigny,https://constantin-promo.ch
CosyHome Immobilier,1950 Sion,https://www.cosyhomeimmobilier.com/
Coucou&Co SA,1950 Sion,https://coucounco.ch/en/
Crans-Montana Real Estate,3963 Crans-Montana,
Cécile immobilier & architecture,3963 Crans-Montana,https://www.cecile-immobilier.ch/
DBI Dolorès Bruttin Immobilier Sàrl,1950 Sion,https://dbimmo.ch
DM-immo.ch,1870 Monthey,https://dm-immo.ch/en/
DP Immob Sàrl,1873 Val-d'Illiez,https://dpimmob.ch
David Immobilier,1936 Verbier,https://www.davidimmo.com/
Dini & Associés SA,1920 Martigny,https://www.dini-associes.ch
Divinimmo Sàrl,1950 Sion,https://divinimmo.ch
Domicim Sion,1950 Sion,https://vimova.ch/
Drapel Immobilier Sàrl,1890 St-Maurice,https://drapelimmobilier.ch
Dreamchalet International SA,1997 Haute-Nendaz,https://www.dreamchalet.ch/en
Décor-Home-Staging Sàrl,3963 Crans-Montana,
E-IMMOBILIER SA,3960 Sierre,https://eimmobilier.ch
EV Real Estate Services SARL,1997 Haute-Nendaz,https://www.evres.ch/
Ecluses 5,1997 Haute-Nendaz,
Edelweiss Swiss Immo Sàrl,1920 Martigny,https://edelweiss.immo
Enotiko Sàrl,1950 Sion,https://www.enotiko.ch/
Entremont Immobilier,1945 Liddes,https://entremontimmo.ch/
Espace des Remparts 13,1950 Sion,
Eurolocation et Immobilier SA,1911 Ovronnaz,https://www.eurolocation.ch/
ExperImmo Conseils SA,1950 Sion,
FelpImmo,3968 Veyras,
Follonier FM SA,1958 Uvrier,https://www.follonierfm.ch/
Foti Immobilier Sàrl,1870 Monthey,https://www.foti-immo.ch/
G-immobilier Sàrl,1870 Monthey,https://www.gimmobilier.ch/fr
GAIA Real Estate SA,3963 Crans-Montana,https://gaiarealestate.ch/
GF Immobilier Sàrl,1873 Champoussin,https://gfimmobilier.ch
GLOBAL IMMOR,1964 Conthey,
Gaudin Immobilier,3966 Réchy,https://gauvinimmobilier.com/en/
Gepimmo,1950 Sion,https://gepimmo.ch
Gerofinance-Dunand SA - Service Location - Sion,1950 Sion,https://en.gerofinance.ch/
Getisa Immobilière SA,1920 Martigny,https://www.getisa.ch/
Giocom Sàrl,1893 Muraz (Collombey),https://giocom.ch/
Globât Immo Sàrl,1920 Martigny,
Grand Place 14,3963 Crans-Montana,
Grand Rue 21,1904 Vernayaz,https://rue21.com/
Grächmatten 24,3956 Guttet-Feschel,
HERENS immobilier SA,1982 Euseigne,
HSI Home Service Immobilier,1895 Vionnaz,http://hsi-immo.ch/
High Prod,1955 St-Pierre-de-Clages,https://www.highproduction.cz/
Holidayservices.ch,3963 Crans-Montana,
Home2C,1893 Muraz (Collombey),https://home2c.ch/
I A M Sion,1950 Sion,https://iamsion.com/
IMMOBILIA Grimentz,3961 Grimentz,https://www.i-g.ch/en/
IMMOSION SA,1950 Sion,
IMMOTINO Sàrl,1906 Charrat,https://immotino.ch/
IPM Immobilier,1964 Conthey,https://www.ipm-immobilier.com/
ISELIA Sàrl,1920 Martigny,
Ideal Living Immobilier SA,1955 Chamoson,https://www.ili.immo/
Iller Constructions,1997 Haute-Nendaz,https://iller-constructions.com
Immo Glad Sàrl,1895 Vionnaz,https://immoglad.ch/
Immo Sélec'Sion Sàrl,1950 Sion,
Immo-Consultant SA,1950 Sion,https://www.ic-groupe.ch/fr
Immo-Rhône SA,1868 Collombey,https://immo-rhone.ch
Immo-Trading,1950 Sion,https://www.immotrading.at/
ImmoCrans SA,3963 Crans-Montana,https://immocrans.ch/fr/o/a-louer-appartement-de-vacances-crans-montana-5216812
Immob2000,3960 Sierre,https://www.immob2000.ch/
Immobilier Vacances,3961 St-Luc,http://www.immobilier-vacances.ch
Immobilier du Pont,1934 Le Châble VS,https://www.immobilierdupont.ch/fr
Immoval.ch - Sion,1950 Sion,https://www.immoval.ch/
JDD Immobilier SA,1907 Saxon,
JHC immobilier Sàrl,1920 Martigny,https://jfr.ch
JMP-IMMO Sàrl,1950 Sion,https://jmp-immo.ch
Jean-Marie Schaffter,3961 Vissoie,
John Taylor Crans-Montana,3963 Crans-Montana,
John Taylor Sion,1950 Sion,
John Taylor Verbier,1936 Verbier,
JuL'immobilier,1926 Fully,https://www.julesimmo.be/fr/
KENZELMANN IMMOBILIEN,3902 Glis,https://kenzelmann.ch
KL Immo Sàrl,1963 Vétroz,https://klimmo.ch
KV Immobilier Sàrl,3960 Sierre,https://kvimmobilier.ch/
Kaza Concept,1874 Champéry,https://kazapracownia.pl/en/
Kaza SA,1893 Muraz (Collombey),https://kaza.ch/en/
Köppel Immobilien AG,3956 Guttet-Feschel,https://www.koeppel-immobilien.ch/
L'Agence Immo Maret-Bonvin,1965 Savièse,https://www.lagenceimmo.ch/en
L'adresse Immobilière,1920 Martigny,http://www.ladresse.ch
L.L & B.S L'immobilière Sàrl,1907 Saxon,https://llbs.ch/
LATICO,1950 Sion,https://latico.ch
LAURENT G Immobilier Sàrl,1920 Martigny,https://laurent-g.ch/
LIVIN'CRANS,3963 Crans-Montana,http://livincrans.ch
La Belle Immo Entremont,1933 Sembrancher,https://labelleimmoentremont.ch
La Poya 2,1982 Euseigne,https://hotel-le-sapin.ch
Lanimmo SARL,1871 Choëx,https://lanimmo.ch/
Laura Sarrasin Immo Sàrl,1920 Martigny,
Les fumeaux 24,1920 Martigny,
Loreto1 Trading SA,1950 Sion,https://loreto1-trading.ch
Luxury Homes,3963 Crans-Montana,https://www.luxuryhomes.com/
L’AGENCE immobilère,1950 Sion,https://www.lagence-immobiliere.be/
M concept Immo,3963 Crans-Montana,https://mconceptimmo.ch/
MBA Immobilier SA,1920 Martigny,http://www.mbaimmobilier.ch
MC ImmoGérance Sàrl,1911 Ovronnaz,https://www.mc-immogerance.ch/
MDK Immobilier - Champéry,1874 Champéry,https://mdk.ch/en/
MDK Immobilier - Monthey,1870 Monthey,https://mdk.ch/fr/
MGSA,1958 St-Léonard,https://math.berkeley.edu/~mgsa/
MP Immo,1911 Ovronnaz,https://mpimmo.ch
MYSA Home Sàrl,1950 Sion,https://mysa-home.ch
MaVente.ch,3960 Sierre,https://mavente.ch/
Maitre Immobilier,1920 Martigny,https://maitreimmo.ch
Marcel-André Bruttin SA,3979 Grône,
Martignoni Gérances Immobilières SA,1997 Haute-Nendaz,https://martignoni-gerances.ch
Martin Bagnoud,3960 Sierre,http://aimb.ch/
Mathieu Kasper,1872 Troistorrents,
Mawee SA,1904 Vernayaz,https://mawee.ch
Max Zellweger,1950 Sion,
MeLoger Sàrl,1913 Saillon,
Michèle PIERROZ GERANCE,1920 Martigny,https://www.michelepierrozgerance.ch/
Mickael Hofmann Immobilier Sàrl,1950 Sion,https://mhimmo.ch
Mises en valeur by Speckinger,3975 Randogne,http://www.misesenvaleur.ch
Modulor SA,1868 Collombey,http://www.modulorsa.ch
Montan'Agence,3963 Crans-Montana,https://montanagence.ch
Moser & Barras services immobiliers,1950 Sion,
My Agency,3963 Crans-Montana,https://myagencyofcny.com/
MyCasa,1907 Saxon,https://my.casa.gov.au/
NDMH Sàrl,1920 Martigny,https://www.ndmh.ch/fr
Nanchen & Pralong,1958 St-Léonard,https://nanchenpralong.ch/
Nendaz-Vente Immobilier Sàrl,1997 Haute-Nendaz,https://nendaz-vente.ch
Nexti SA,3963 Crans-Montana,https://www.nexti.co.za/
Novagence Anzère,1972 Anzère,https://novagence-anzere.ch
OLICRANS SARL,1958 Uvrier,
Obere Maressenstrasse 57,3954 Leukerbad,
One CransMontana,3963 Crans-Montana,https://www.saphirimmo.ch/en
PANAIMMOB,1950 Sion,https://www.panaimmob.ch/
PI Promotions Immobilières Sàrl,1870 Monthey,https://pi-promotions.ch
PPE Les Luizets,1906 Charrat,
PRIVERA AG - Sion,1950 Sion,https://www.privera.ch/
Pannatier immobilier Sàrl,1950 Sion,https://pannatier-immobilier-49.webself.net/
Parc-Immobilier Sàrl,1963 Vétroz,https://www.parc-immobilier.ch/
Patrick Immobilier Sàrl - Arbaz,1974 Arbaz,
Piney d'en Haut SA,3960 Sierre,
PointCom1 Sàrl,1926 Fully,
Promo business Sàrl,1976 Erde,
Pré-Fleuri 9,1950 Sion,https://pre-fleuri.ch
Qerkini Immobilier Sàrl,1870 Monthey,
R GESTION Sàrl,1907 Saxon,
R.T.B. Corvaglia Sàrl,1895 Vionnaz,https://villartb.ch
RCI Roux Courtage Immobilier Sàrl,1950 Sion,https://rci-immobilier.ch
RE/MAX Immobilier à Nendaz,1997 Haute-Nendaz,
RFG Immobilier,1926 Fully,http://www.rfgimmobilier.ch
RIBORDY IMMOBILIER - Martigny,1920 Martigny,https://ribordysa.ch/
RUDY Immobilier Sàrl,1870 Monthey,https://www.rudy-immobilier.ch/
RV-Service SA,1926 Fully,https://www.rv-service.ch/
Real Estate Wallis,1950 Sion,
Residence2b Sàrl,1950 Sion,https://residence2b.ch
Rigolet SA,1870 Monthey,https://rigolet.ch
Rive Droite Groupe Immobilier SA,1950 Sion,https://rivedroite.ch/en/
Roduit-Bourban Immobilier & Gérances SA,1950 Sion,https://www.roduit-bourban.ch/
Roqu'immo,3966 Réchy,https://roquimmo.ch
Rossier Immobilier Sàrl,1987 Hérémence,https://www.rosset.ch/
Route de Grimentz 1,3961 Vissoie,
Route de la Télécabine 3,1997 Haute-Nendaz,
Régie Immobilière SOLALP SA,3963 Crans-Montana,https://bobst-immobilier.ch
SASimmo SA,1920 Martigny,
SGI - SUISSE GESTION IMMOBILIER SA,1920 Martigny,
STR Sàrl,1920 Martigny,
SUNIMMO,3963 Crans-Montana,https://mysunimmo.ch/en
Saillon Immobilier,1913 Saillon,https://www.saillonimmobilier.ch/
Sarbach Real Estate & Consulting,3954 Leukerbad,https://immobilienleukerbad.ch/
Sel & Poivre Agence Immobilière,1950 Sion,https://www.selpoivre.ch
SonnerImmobilier Sàrl,1920 Martigny,http://www.snimmo.ch/
Sovalco SA construction & immobilier,1950 Sion,https://www.sovalco.ch/fr
St-Guérin 30,1950 Sion,https://stguerinparish.org/
Steiger&Cie Crans-Montana SA,3963 Crans-Montana,https://www.crans-montana.ch/en/?idcmt=Partenaire_Agenceimmobiliere_4e1686d22923e1bc736d56567fb02544
Steiger&Cie Verbier SA,1936 Verbier,
Steiger&Cie Zermatt AG,3920 Zermatt,
Summit Immobilier,3963 Crans-Montana,https://summitimmobilier.ch
Swiss Balanced Living Sàrl,3963 Crans-Montana,
Swisstarget,3961 St-Jean VS,https://www.swisstargetprediction.ch/
TP Immobilier,3963 Crans-Montana,https://orllati.ch
Tempel 9,3920 Zermatt,
Texier Immobilier,1874 Champéry,https://texier.ch/
Theytaz immobilier,3960 Sierre,http://theytaz-immobilier.ch
Thyon immobilier,1988 Les Collons,https://thyon-immo.ch/
Tour-St-Martin SA,1997 Haute-Nendaz,
Tradition Chalet SA,3963 Crans-Montana,https://traditionchalet.ch
Tscherry immobilier,1907 Saxon,
Unanimmo SA,1957 Ardon,https://unanimmo.ch
VAL Group - Zermatt,3920 Zermatt,https://valgroup-zermatt.ch
VAL Group AG - Brig,3900 Brigue,https://valgroup.ch/fr/
VAL Group AG - Visp,3930 Visp,https://valgroup.ch/fr/
VAL Group SA - Sion,1950 Sion,https://valgroup.ch/
VERBIER.net,1936 Verbier,https://verbier.net/
VFP Immobilier SA,1936 Verbier,https://vfp.ch
VH Invest Sàrl,1950 Sion,https://vhinvest.ch
VS Immobiliers SA,1963 Vétroz,https://vimova.ch/
ValaisExclusif.ch,3960 Loc,https://valaisexclusif.ch/
Variante B Immo,1897 Bouveret,https://www.varianteb.ch/
Verbier - AB Immobilier,1936 Verbier,https://www.abimmobilier.ch/fr/
Vieille Rue 8,1934 Le Châble VS,
Vision Consulting immobilier Sàrl,3976 Noës,https://consulting-immo.ch
Vision Immedia Sàrl,1950 Sion,https://visionimmedia.ch/
WARPELIN immobilier Sàrl,1870 Monthey,https://w-immobilier.ch
WPA Consulting Sàrl,1913 Saillon,https://www.wpaconsulting.ch/
XYZ Immobilier Sàrl,1920 Martigny,https://www.xyz-immobilier.ch/
Yolande Claivaz Immobilier,1965 Savièse,https://yclaivaz.ch/
Your Verbier Chalet,1936 Verbier,https://yourverbierchalet.ch
Z.I. Les Combes 1,1955 St-Pierre-de-Clages,
ZHUBI SAUTHIER IMMOBILIER Sàrl,1964 Conthey,https://www.zhubi-sauthier.ch/
ZI Bovéry 5,1868 Collombey,
ZI Rosses 16,1893 Muraz (Collombey),https://www.unl.edu/
Zinal-Chalets,3961 Zinal,http://www.zinalchalets.ch
Zodiac Sàrl,1920 Martigny,https://zodiac-finances.ch
Zone Industrielle Bovéry 19,1868 Collombey,
a2 concept,3963 Crans-Montana,
coming home GmbH,3904 Naters,https://coming-home.ch/
immo-valais.ch SA,1920 Martigny,https://immo-valais.ch
nicoleREimmobilier,3963 Crans-Montana,https://www.nicolereimmobilier.com/
"p/a Fidag, rue des Cèdres 9",1920 Martigny,
saint-martimmo sàrl,1969 St-Martin VS,https://saint-martimmo.ch/
varone-immo.ch sàrl,1965 Savièse,https://varone-immo.ch
woodea sa,1891 Vérossaz,https://woodea.es/
