key,name,current_url,new_listings_url
homewell,Homewell,https://www.homewell.ch/,https://homewell.ch/immobilier/search-results/?status[]=&keyword=&type[]=&location[]=&max-price=any
bcImmo,BC Immo,https://www.bcimmo.ch/,https://www.bcimmo.ch/fr/acheter
proximmo,Proximmo,https://www.proximmo.ch/,https://proximmo.ch/fr/acheter?name=&code=&search=&code=&id=&search=&surfaceMin=&surfaceMax=&reference=
atticaImmobilier,Attica Immobilier,https://www.atticaimmobilier.ch/,https://atticaimmobilier.ch/a-vendre/#essentiel
courvoisier,Courvoisier Immo,https://www.courvoisier.immo/,https://www.courvoisier.immo/acheter/
omnia,Omnia,https://www.omnia.ch/,https://omnia.ch/acheter/
ethicImmobilier,Ethic Immobilier,https://ethic-immobilier.ch/,https://ethic-immobilier.ch/locations-et-ventes/
regieDuboux,Regie Du Boux,https://www.regieduboux.ch/,https://regieduboux.ch/acheter/
golayImmobilier,Golay Immobilier,https://www.golay-immobilier.ch/,https://www.golay-immobilier.ch/a-vendre/
dezage,Dezage,https://www.dezage.ch/,https://dezage.ch/immobilien/?availabilities[]=active&availabilities[]=reserved&availabilities[]=taken&salestype[]=buy
pbbg,PBBG,https://www.pbbg.ch/,https://pbbg.ch/ventes/
esteHomes,Este Homes,https://www.este-homes.ch/fr/,https://este-homes.ch/acheter-montreux/
transaxia,Transaxia,https://www.transaxia.ch/,https://www.transaxia.ch/vente+immobilier.html
cgsImmobilier,CGS Immobilier,https://cgs-immobilier.ch/,https://cgs-immobilier.ch/acheter/
julienVolet,Julien Volet,https://www.julienvolet.ch/,https://www.habeg.ch/biens
cofimo,Cofimo,https://www.cofimo.ch/,https://www.cofimo.ch/fr
gendreEmonet,Gendre & Emonet,https://www.gendre-emonet.ch/,https://www.gendre-emonet.ch/fr/acheter?hm=1
rivieraProperties,Riviera Properties,https://www.rivieraproperties.ch/,https://www.rivieraproperties.ch/fr/ol/9247
sothebys,Sotheby's Realty,https://www.switzerland-sothebysrealty.ch/,https://www.switzerland-sothebysrealty.ch/acheter
blueImmobilier,Blue Immobilier,https://www.blueimmobilier.ch/,
verbel,Verbel,https://www.verbel.ch/,"https://www.verbel.ch/acheter/?_localisation=&_prix[]=0&prix[]=11500000&_min_max_m2[]=0&min_max_m2[]=1326&_radius=15&__prix=0&_prix=0,11500000&__min_max_m2=0&_min_max_m2=0,1326"
suisseRiviera,Suisse Riviera Immobilier,https://www.suisse-riviera-immobilier.com/,
ernstBeier,Ernst Beier,https://www.ernstbeier.ch/,
lcImmobilier,LC Immobilier,https://www.lc-immobilier.ch/,https://www.lc-immobilier.ch/filter/type/sell
lagenceImmobiliere,L'Agence Immobiliere,https://lagence-immobiliere.ch/,https://lagence-immobiliere.ch/immobilien/?availabilities[]=active&availabilities[]=taken&availabilities[]=reserved&salestypes[]=buy
lcrImmo,LCR Immo,https://www.lcr-immo.ch/,https://lcr-immo.ch/recherche?transaction=buy&propertyType=all&location=&room=1&radius=10
swixim,Swixim,https://www.swixim.ch/,https://www.swixim.com/fr/acheter/
profilId,Profil ID,https://profil-id.ch/,https://profil-id.ch/immobilien/?availabilities[]=active&availabilities[]=taken&availabilities[]=reserved&salestypes[]=buy
wRe,W Real Estate,https://www.w-re.ch/,https://wlre.ch/bien-category/
rilsa,Rilsa,https://www.rilsa.ch/,
helvetImmo,Helvet Immo,https://www.helvet-immo.ch/,https://www.helvet-immo.ch/fr/recherche
regicote,Regicote,https://www.regicote.ch/,https://regicote.ch/sale-listings/
swissdomImmo,Swissdom Immo,https://www.swissdom-immo.ch/,
morgesImmo,Morges Immo,https://www.morgesimmo.ch/,https://morgesimmo.ch/immobilien/
gaiaImmobilier,Gaia Immobilier,https://www.gaia-immobilier.ch/,https://gaia-immobilier.ch/achat/
reyImmobilier,Rey Immobilier,https://reyimmobilier.ch/,https://reyimmobilier.ch/achat/
sherlockHomes,Sherlock Homes,https://sherlockhomes.ch/,
deLuze,De Luze,https://deluze.ch/,https://deluze.ch/sale-listings/
lugrinImmobilier,Lugrin Immobilier,https://lugrinimmobilier.ch/,
laSuiteImmo,La Suite Immo,https://www.lasuiteimmo.ch/,https://lasuiteimmo.ch/acheter/
ril,RIL,https://ril.ch/,https://ril.ch/acheter/
geranceJotterand,Gerance Jotterand,https://www.gerancejotterand.ch/,
cedimmo,Cedimmo,https://www.cedimmo.ch/,
aImmobilier,A-Immobilier,https://a-immobilier.ch/,
curtetImmobilier,Curtet Immobilier,https://www.curtet-immobilier.ch/,https://curtet-immobilier.ch/properties-grid-view-3-cols/
amma,Amma Immo,https://amma.immo/,https://amma.immo/acheter/
bobstImmobilier,Bobst Immobilier,https://www.bobst-immobilier.ch/,https://bobst-immobilier.ch/immobilien/?availabilities[]=active&availabilities[]=reserved&availabilities[]=taken&salestype[]=buy
castellaImmobilier,Castella Immobilier,https://www.castella-immobilier.ch/,https://castella-immobilier.ch/proprietes-a-vendre/
capitalFirst,Capital First,https://www.capitalfirst.ch/,https://capitalfirst.ch/fonds-de-commerce-entreprises-vendre/
regieDecker,Regie Decker,https://www.regiedecker.ch/,https://www.regiedecker.ch/vente-de-villas-maisons-fermes-fr73.html
rockwell,Rockwell,https://www.rockwell.ch/,https://rockwell.ch/proprietes/
christeImmo,Christe Immo,https://www.christe-immo.ch/,
krealImmo,Kreal Immo,https://krealimmo.ch/,https://krealimmo.ch/sale-listings/
myHomeImmobilier,My Home Immobilier,https://www.myhomeimmobilier.ch/,https://myhomeimmobilier.ch/immobilien/?availabilities[]=active&availabilities[]=taken&availabilities[]=reserved&salestypes[]=buy
phoenixImmobilier,Phoenix Immobilier,https://www.phoenix-immobilier.ch/,
votreCourtier,Votre Courtier,https://www.votrecourtier.ch/,https://votrecourtier.ch/tous-nos-biens/
realtaImmo,Realta Immo,https://www.realtaimmo.ch/,
valhome,Valhome,https://valhome.ch/,
monnierImmo,Monnier Immo,https://monnier-immo.ch/,https://monnier-immo.ch/acheter/?country_id=&category_id=&price=&rooms=&bathrooms=&living_area=&land_area=
regiePrivee,Regie Privee,https://www.regieprivee.ch/,https://regieprivee.ch/biens-immobiliers/vente/
immoConsulting,Immo Consulting,https://www.immo-consulting.ch/,https://immo-consulting.ch/immobilien/?availabilities[]=active&availabilities[]=reserved&availabilities[]=taken&salestype[]=buy&location[]=country_ch
acheterLouer,Acheter Louer,https://www.acheter-louer.ch/,
impulseProperties,Impulse Properties,https://www.impulseproperties.ch/,https://www.impulseproperties.ch/acheter
scImmo,SC Immo,https://www.scimmo.ch/,
foncimo,Foncimo,https://foncimo.ch/,
intergerance,Intergerance,https://www.intergerance.ch/,https://www.intergerance.ch/fr/vente/
selectImmo,Select Immo,https://www.selectimmo.ch/,https://www.selectimmo.ch/biens-immobiliers?type=acheter
ceriseImmobilier,Cerise Immobilier,https://www.cerise-immobilier.ch/,https://www.cerise-immobilier.ch/a-vendre
valImmobilier,Val Immobilier,https://valimmobilier.ch/,https://www.valimmobilier.ch/acheter
alturaCollection,Altura Collection,https://alturacollection.ch/,
drapelImmobilier,Drapel Immobilier,https://drapelimmobilier.ch/,https://drapelimmobilier.ch/acheter/
bertrandMorisod,Bertrand Morisod,https://www.bertrand-morisod.ch/,
schenkImmobilier,Schenk Immobilier,https://schenk-immobilier.ch/,https://schenk-immobilier.ch/acheter/
gemImmo,Gem Immo,https://www.gem-immo.ch/,https://www.gem-immo.ch/vente
natimmo,Natimmo,https://www.natimmo.ch/,https://www.natimmo.ch/acheter/
faraoneImmobilier,Faraone Immobilier,https://www.faraone-immobilier.ch/,https://www.faraone-immobilier.ch/à-vendre
gilliandImmobilier,Gilliand Immobilier,https://www.gilliand-immobilier.ch/,https://www.gilliand-immobilier.ch/a-vendre
immobilierBroye,Immobilier Broye,https://www.immobilier-broye.ch/,https://www.immobilier-broye.ch/a-vendre
regieChatelard,Regie Chatelard,https://www.regiechatelard.ch/,
nicolierImmobilier,Nicolier Immobilier,https://nicolier-immobilier.ch/,https://nicolier-immobilier.ch/a-vendre/
regieBroye,Regie Broye,https://regie-broye.ch/,
lcpImmobilier,LCP Immobilier,https://www.lcp-immobilier.ch/,https://www.lcp-immobilier.ch/page-catégories-à-louer/à vendre
symbioseImmobilier,Symbiose Immobilier,https://www.symbiose-immobilier.ch/,https://www.symbiose-immobilier.ch/advance-search/?status=a-vendre
groupeRichard,Groupe Richard,https://www.grouperichard.ch/,https://www.grouperichard.ch/avendre.php
caImmobilier,CA Immobilier,https://www.ca-immobilier.ch/,https://www.ca-immobilier.ch/acheter/
gestival,Gestival,https://gestival.ch/,
concretise,Concretise,https://www.concretise.ch/,https://concretise.ch/biens-immobilier/?filters[place][value]=&filters[place][lat]=&filters[place][lng]=&filters[place][type]=google_map&filters[building_type][type]=select&filters[building_type][type]=select&filters[building_type][type]=select&filters[building_type][type]=select&filters[building_type][type]=select&filters[building_type][type]=select&filters[rooms_count][value]=&filters[rooms_count][type]=number&filters[rooms_count][append]=pièces&filters[price][value]=&filters[price][type]=number&filters[price][append]=CHF
nideal,Nideal,https://www.nideal.ch/,
homequest,Homequest,https://homequest.ch/,https://homequest.ch/immobilien/?availabilities[]=active&availabilities[]=reserved&availabilities[]=taken&salestype[]=buy
denaliImmo,Denali Immobilier,https://www.denali-sa.ch/,https://denali-sa.ch/acheter/
tissotImmo,TissoT Immobilier,https://www.tissot-immobilier.ch/,https://www.tissot-immobilier.ch/Ventes-Suisse-Cantons.php
swissPatrimoine,Swiss Patrimoine Immobilier,https://www.swiss-patrimoine-immobilier.ch/,
agenceLeman,Agence Immobilière du Léman,https://www.agence-leman.ch/,
vaudburo,Vaudburo,https://www.vaudburo.ch/,https://www.vaudburo.ch/nos-offres-de-locaux
cardisSothebys,Cardis Sotheby's,https://www.cardis.ch/,https://cardis.ch/#acheter
adsImmoServices,ADS IMMO-SERVICES,https://ads-immo.ch/,
ak2c,AK2C Sàrl,https://realisations.ak2c.ch/,
alephInvest,ALEPH Invest SA,https://www.alephinvest.ch/,
assei,ASSEI Sàrl,https://www.assei.ch/,
agenceImmobiliereDuChateau,Agence immobilière du Château,https://www.immochateau.ch/,
alvazziImmobilier,Alvazzi Immobilier SA,https://www.alvazzi.ch/,
aurlau,Aurlau SA,https://www.aurlau.ch/,
avantaImmobilier,Avanta Immobilier,https://www.avantaimmo.ch/,
bbwGestion,BBW Gestion Sàrl,https://www.bbwgestion.ch/,
berose,BEROSE SA,https://www.berose-sa.ch/,
barguetonImmobilier,Bargueton immobilier,https://bargueton.ch/,
batilogis,Batilogis SA,https://www.batilogis.ch/,https://www.batilogis.ch/blank-3
batimoV,Batimo\'V Sàrl,https://www.batimov.ch/,https://www.batimov.ch/site/list?d=sale
bossiImmobilier,Bossi Immobilier,https://bossi-immo.ch/,
brumont,Brumont SA,https://brumont.ch/,
bureauImmobilierRomand,Bureau Immobilier Romand SA,https://www.bir.immo/,https://bir.immo/fr/acheter
bosigerImmobilier,Bösiger Immobilier,https://www.bosigerimmobilier.ch/,"http://syn.publimmo.ch/fr/580887/result.jsp?t=1&type_1=&type_2=&type_3=&type_4=&type_5=&commune=&communeName=Commune,+localité+ou+code+postal&dist=&prixMin=&prixMax=&surfaceMin=&surfaceMax=&pieceMin=&pieceMax=&Submit=Recherche"
cbTransimmo,CB Transimmo Sàrl,https://www.cbtransimmo.ch/,
cdfImmobilier,CDF immobilier SA,https://cdf-immobilier.ch/,https://cdf-immobilier.ch/categorie/vente/
ceDi,CE & DI Sàrl,https://ce-di.ch/,
cfImmobilierCompagnieFonciereChateauDOex,CF Immobilier Compagnie Foncière SA - Château-d\'Oex,https://cfimmobilier.ch/,https://cfimmobilier.ch/fr/vendre
canobat,Canobat SA,https://canobat.ch/,https://www.canobat.ch/à-vendre
casAme,Cas\'Âme Sàrl,https://casame-immobilier.ch/,
cassiopeeImmobilier,Cassiopee Immobilier SA,https://cassiopee.immo/,https://cassiopee.immo/a-vendre.html
cedream,Cedream SA,https://cedream.ch/,
cervero,Cerveró Sàrl,https://cervero.ch/,
chamberonneImmobilier,Chamberonne Immobilier Sàrl,https://chamberonne.ch/,
cofideco,Cofideco SA,https://cofideco.ch/,
coldwellBankerSwissRiviera,Coldwell Banker Swiss Riviera,https://www.transaxia.ch/en/,https://www.transaxia.ch/en/sale+real-estate.html
confidenceImmobilier,Confidence Immobilier Sàrl,https://confidence-immobilier.ch/,
cooperativeHelvetiqueFonciere,Coopérative Helvétique Foncière,https://www.chf.immo/,
courtacasa,Courtacasa,https://www.courtacasa.ch/,
crazymmo,CrazYmmO Sàrl,https://crazymmo.ch/,
cronosImmo,Cronos Immo,https://www.cronosfinance.ch/en/,
dfImmo,DF Immo,https://df.immo/,
dmcImmobilier,DMC Immobilier,https://dmc-ls.ch/,https://dmc-ls.ch/?section=objets
domusImmo,Domus Immo Sàrl,https://www.domusimmo.ch/,https://www.domusimmo.ch/
dufourImmobilier,Dufour Immobilier,https://www.dufour.immo/,
dunimmo,Dunimmo Sàrl,https://dunimmo.ch/,
durablementImmobilier,Durablement Immobilier SA,https://durablement.immo/,
ecofisc,ECOFISC,https://ecofisc.ch,
estatevalue,EstateValue,https://estatevalue.ch/,
fehlmannImmobilier,Fehlmann Immobilier SA,https://f-immob.ch/,
fidalpAuditConsultancy,Fidalp Audit & Consultancy SA,https://fidalp.ch/,
fiduciairePrismaSolutions,Fiduciaire Prisma Solutions Sàrl,https://www.prismasolutions.ch/,
gerofinanceRegieDuRhoneLocationPrestige,GEROFINANCE - RÉGIE DU RHÔNE | Location PRESTIGE,https://en.gerofinance.ch/,
gestImmo,Gest-Immo,https://gest.immo/,
goumazCie,Goumaz & Cie Sàrl,https://goumaz.swiss/,
groheImmobilier,Grohe Immobilier SA,https://grohedev.ch/,
guedonGerance,Guédon Gérance SA,https://guedon.ch/,
homePlus,Home Plus Sàrl,https://www.homeplus.ch/,https://homeplus.ch/acheter-un-bien/
immoLausanne,IMMO-LAUSANNE SA,https://immo-lausanne.ch/,
immo62,IMMO62 Sàrl,https://immo62.ch/,
immobilierRufenacht,IMMOBILIER RUFENACHT SA,https://immobilierrufenacht.ch/,
imosImmobilierEtConseils,IMOS Immobilier et Conseils,https://imos-immobilier.ch/,
ideeDAilleurs,Idée d\'ailleurs,https://idee-dailleurs.ch/,
immoHuguenin,Immo Huguenin,https://www.immo-huguenin.ch/,
immoJuillerat,Immo-Juillerat Sàrl,https://immobilier-juillerat.ch/,
innoteck,InnoTeck Sàrl,https://innotechsarl.ch/,
krLocations,KR Locations,https://krlocations.ch/,
keyRelocation,Key Relocation Sàrl,https://www.key-relocation.ch/,
key4uProperty,Key4U Property,https://www.key4u-property.ch/,https://www.key4u-property.ch/sale-listings?lang=fr
l3mPartners,L3M Partners SA,https://l3m-partners.ch/,
lscourtage,LSCourtage,https://lscourtage.ch/,https://lscourtage.ch/resultats-de-recherche/?status[]=vente&bedrooms=&min-price=&max-price=
lvtic,LVTiC,https://www.lvtic.ch/,https://www.lvtic.ch/offres-locaux-commerciaux-et-industriels/?vente
lioImmo,Lio Immo,https://www.lio-immo.ch/en,
logistimmo,Logistimmo SA,https://logistimmo.ch/,
louisePicadus,Louise & Picadus Sàrl,https://louise-picadus.ch/,
mBGeranceImmobiliere,M&B Gérance Immobilière SA,https://www.mbsa.ch/,
mediapixelImmobilier,MEDIAPIXEL IMMOBILIER SA,https://mediapixelimmo.ch/,https://mediapixelimmo.ch/envie-dacheter/
mgmFiduciaire,MGM Fiduciaire SA,https://mgm.ch/,
misaImmobilier,MISA Immobilier SA,https://www.misa-gerance.ch/,https://www.misa-gerance.ch/rental-listings/?category_id=&type=2&price=&bedrooms=&bathrooms=&living_area=&land_area=
mmsHolding,MMS Holding SA,https://militarymegastore.ch/,
mmsPro,MMS Pro SA,https://mmspro.ch/#acheter-logement,https://mmspro.ch/#acheter-logement
mnmImmobilier,MNM Immobilier Sàrl,https://www.mnm-immobilier.ch/,
martinelliImmobilier,Martinelli – Immobilier,https://martinelli-immobilier.ch/,https://www.martinelli-immobilier.ch/a-vendre
metafin,Metafin SA,https://metafin.ch/,
morelImmo,Morel Immo,https://morel-immo.ch/fr,https://morel-immo.ch/fr/maisons-villas
novaco,NOVACO SA,https://novaco.ch/,
naefCommercialKnightFrankVaud,Naef Commercial | Knight Frank - Vaud,https://www.naef-commercial.ch/en,https://www.naef-commercial.ch/en/buy?
nestImmobilier,Nest Immobilier SA,https://ne-st.ch/,
norwood,Norwood SA,https://www.norwood.ch/,
noveoImmobilier,Novéo Immobilier SA,https://noveo-immobilier.ch/,
odeux,ODEUX SA,https://www.odeux.ch/,
ofD,OF-D Sàrl,https://www.of-d.ch/,
ortegaImmobilier,Ortega Immobilier,https://www.ha.immo/,
pointDAncrageImmobilier,Point d\'Ancrage immobilier,https://www.pointdancrage.ch/,https://www.pointdancrage.ch
posteImmobilierMS,Poste Immobilier M&S SA,https://immobilien.post.ch/fr,
prestim,Prestim SA,https://prestim.ch/,
proconseilsImmobilier,ProConseils Immobilier Sàrl,https://proconseilssolutions.ch/,
proafcoImmobilier,Proafco immobilier,https://www.proafco.ch/,
procimmo,Procimmo SA,https://www.procimmo.ch/,
pulsarOpportunity,Pulsar Opportunity SA,https://pulsaropportunity.ch/,
qiLiving,QI LIVING,https://qiliving.ch/,
rpvYannCapt,RPV - Yann Capt,https://r-p-v.ch/,
rsServim,RS Servim Sàrl,https://servim.ch/,
raizedRealEstate,Raized Real Estate SA,https://raized.ch/,
realberg,Realberg,https://www.realberg.ch/,
realizeImmo,Realize Immo,https://letsfeelgood.ch/,
rockwellProperties,Rockwell Properties SA,https://rockwell.ch/en/,https://rockwell.ch/en/properties/
regieBally,Régie Bally SA,https://regiebally.ch/,
regieBraun,Régie Braun SA,https://www.regiebraun.ch/,
regieChamotCie,Régie CHAMOT & Cie SA,https://www.regiechamot.ch/en/,
regieImmosphere,Régie IMMOSPHERE SA,https://regie-immosphere.ch/,
regieMarmillod,Régie Marmillod SA,https://regiemarmillod.ch/,
regieRomande,Régie Romande SA,https://www.regieromande.ch/,
regieTurrian,Régie Turrian SA,https://turrian.ch/,https://www.turrian.ch/vente?typeobjet=&priceMin=0&priceMax=5000000&sortby=2
regieDeLaCouronne,Régie de la Couronne SA,https://gerofinance-dunand.ch/,
regieDuCroset,Régie du Croset SA,https://regieducroset.ch/,
regieDuRhoneLausanne,Régie du Rhône SA - Lausanne,https://regierhone.ch/,
scSotornikClerboutImmobilier,SC Sotornik & Clerbout Immobilier SA,https://www.scimmo.ch/,
slImmobilier,SL Immobilier Sàrl,https://slimmobilier.ch/,https://slimmobilier.ch/realisations/
stImmobilier,ST Immobilier SA,https://stimmobilier.ch/,
saintHubertImmobilier,Saint-Hubert Immobilier Sàrl,https://www.st-hubert-immobilier.ch/,
sauvinSchmidt,Sauvin Schmidt SA,https://sauvin-schmidt.ch/,
seci,Seci SA,https://seci.ch/,
servitisImmobilier,Servitis Immobilier,https://www.servitis.ch/,
sogimmo,Sogimmo SA,https://sogimmo.ch/,
solutionImmo,Solution Immo,https://risag.ch/,
sother,Sother,https://sother.ch/,
swissKeysManagement,Swiss Keys Management SA,https://www.swisskeysmanagement.com/,
swissOptimum,Swiss Optimum,https://www.optimum.swiss/en,
swissgradeConsulting,SwissGrade Consulting Sàrl,https://swissgrade.ch/,
swissnestImmobilier,Swissnest Immobilier SA,https://www.swissnest.ch/fr,https://www.swissnest.ch/fr/ol/8330
switzerlandSothebysEchallens,Switzerland Sothebys - Echallens,https://www.switzerland-sothebysrealty.ch/en,https://www.switzerland-sothebysrealty.ch/en/acheter
thalesImmopartners,Thales ImmoPartners SA,https://www.thalesimmo.ch/,
verrazzano,Verrazzano SA,https://verrazzano.ch/#portfolio,
vezGroupe,Vez Groupe,https://vez-groupe.ch/,
vimovaEchallens,Vimova - Echallens,https://vimova.ch/,https://vimova.ch/fr/acheter/
viwaImmo,Viwa.Immo SA,https://viwaimmo.ch/,
wilsonImmobilier,Wilson Immobilier SA,https://www.wilsonsa.ch/,
zimmermannImmobilierLausanne,Zimmermann Immobilier - Lausanne,https://www.regiez.ch/,https://zimmo.ch/sale.html?search-sale-state-ge=on
a2immoCh,a2immo.ch SA,https://a2immo.ch/,
deRham,de Rham SA,https://derham.ch/,
deRhamGerance,de Rham SA - Gérance,https://www.derham.ch/fr,https://www.derham.ch/fr/acheter
integraleImmobilierConseils,integrale immobilier conseils,https://iiconseils.ch/,https://iiconseils.ch/
moveIm,move im SA,https://moveim.ch/,https://moveim.ch/
spgPartner,spg partner sa,https://spgpartner.ch/en/,
swisservicesEtRenovation,swisservices et rénovation sàrl,https://swiss-soudures.ch/,