name,city,Company Full Url,Url listing
100% Maison,3963 Crans-Montana,https://100maison.com/,https://100maison.com/achetez
123immo.ch,1950 Sion,http://www.123immo.ch,https://123immo.ch/type-de-bien/maison-villageoise/
2S building Sàrl,1994 Aproz (Nendaz),https://www.2sbuilding.ch/,
AB Immobilier,1941 Vollèges,https://www.ab-immobiliermaster.com/en/,
ABC Real Estate Verbier,1936 Verbier,https://schraner-verbier.ch/,https://schraner-verbier.ch/acheter/
ACTIA Sàrl,1950 Sion,https://actia.ch,https://www.actia.ch/a-vendre
ALPIMMIA Immobilier Sàrl,3963 Crans-Montana,https://www.alpimmia.ch/,https://www.alpimmia.ch/vente-immobilier/
AM IMMOGERANCE SARL,1967 Bramois,https://www.amimmogerance.ch/,https://www.amimmogerance.ch/biens-en-vente.html
ANNIMMOB,3961 Grimentz,https://www.annimmob.ch/en,https://www.annimmob.ch/en/immobilier-anniviers-grimentz?recent=true&sale=true
ANZIMOB SA,1972 Anzère,https://anzimob.ch,https://anzimob.ch/immobilier/?availabilities[]=active&availabilities[]=taken&availabilities[]=reserved&salestypes[]=buy
ARC,1936 Verbier,https://thearc.org/,
ARGO Immobilier Sàrl,1975 St-Séverin,https://argo-immobilier.ch/,
ASE SA,1955 St-Pierre-de-Clages,https://asesa.ch,https://www.asesa.ch/vente-biens-immobiliers
Abitasion Sàrl,1950 Sion,https://abitasion.ch/,https://abitasion.ch/immobilien/?availabilities[]=active&availabilities[]=reserved&availabilities[]=taken&salestype[]=buy
Accessimo,1950 Sion,,
Acutim SA,1870 Monthey,https://www.auctim.com/,
Adagi SA,1972 Anzère,https://adagi.ch/en/,https://adagi.ch/en/immobilien/?availabilities[]=active&availabilities[]=reserved&availabilities[]=taken&salestype[]=buy
Adonide Immobilier SA,1950 Sion,https://adonide-immobilier.ch/,https://adonide-immobilier.ch/sale-listings/
Agence Eugster SA,1936 Verbier,https://agence-eugster.ch,https://www.agence-eugster.ch/fr/vente/
Agence IMALP Gérance Sàrl,1950 Sion,http://www.imalp-gerance.ch,https://imalp-vente.ch/properties/lumineux-appartement-de-3-pieces-½-sion/
Agence Immobilière AGIVAL,3963 Crans-Montana,http://agence-agival.ch,https://www.agence-agival.ch/ventes-martigny
Agence Immobilière Barras,3963 Crans-Montana,https://agencebarras.ch,https://agencebarras.ch/sale-listings/
Agence Immobilière Etoile de Saint-Luc Sàrl,3961 St-Luc,https://etoile-immo.ch/,https://etoile-immo.ch/vente/
Agence Immobilière Maytain,1875 Morgins,https://maytain.com,https://www.maytain.com/fr/acheter?price=0-10000000&objectTypes=Apartment-Chalet
Agence L'Exclusif de l'Immobilier,3963 Crans-Montana,https://exclusif.ch,https://www.exclusif.ch/properties-search/?
Agence Les Grillons Sàrl,3963 Crans-Montana,https://www.lesgrillons.ch/,https://www.lesgrillons.ch/fr/acheter
Agence PHI Sàrl - Sion,1950 Sion,https://www.agence-phi.ch/fr/,https://www.agence-phi.ch/fr/ventes
Agence PHI Sàrl - Veysonnaz,1993 Veysonnaz,,
Agence Trachsel SA,1972 Anzère,https://agence-trachsel.ch,https://agence-trachsel.ch/articles/
Agence Viviane Immobilier Sàrl,1978 Lens,https://www.viviane-immobilier.ch/,https://www.viviane-immobilier.ch/site/list?d=sale
Agence du Soleil,3963 Crans-Montana,https://www.agencedusoleil.com/,
Agence immobilière DOMUS,1936 Verbier,https://agencedomus.ch,https://www.agencedomus.ch/fr/achat/
Agence immobilière EVOLENA Sàrl,1983 Evolène,,
Agence immobilière le Valais.ch SA,1964 Conthey,https://levalaisimmobilier.ch,https://levalaisimmobilier.ch/
Agence le Cristal,3963 Crans-Montana,https://lecristal.ch,https://www.lecristal.ch/fr/ventes
Agence-immo.ch,1950 Sion,https://agence-immo.ch,https://www.agence-immo.ch/objets/a-vendre
Alain Deslarzes Gérances SA,1950 Sion,https://immo-adg.ch,https://immo-adg.ch/immobilien/?availabilities[]=active&availabilities[]=taken&availabilities[]=reserved
Alliance Immobilière Romande SA,1920 Martigny,https://www.airsa-immo.com/,
Alp Résidences,1993 Veysonnaz,https://www.alpvisionresidences.com/,
Alp'Architecture SA,1934 Le Châble VS,http://www.alparchitecture.ch,http://www.alparchitecture.ch
Alpeelocation SA,1997 Haute-Nendaz,https://alpeelocation.ch,https://www.alpeelocation.ch/5-location---vente.html
Alpimmo Immobilier SA,1997 Haute-Nendaz,http://www.alpimmo.ch,https://www.alpimmo.ch/fr/o/a-vendre-terrain-a-batir-haute-nendaz-520893
Altitude Immobilier,3963 Crans-Montana,http://altitude-immobilier.ch,
Amandine Vacances,1911 Ovronnaz,https://amandine-vacances.ch,https://amandine-vacances.ch/fr/nos-biens-en-vente
Angela Immobilier SA,3963 Crans-Montana,https://angelaimmobilier.ch/,https://angelaimmobilier.ch/for-sale-results/?property_purpose=Sale&order=ASC&action=rem_search_property&search_property=&property_type=&property_bedrooms=&property_bathrooms=&price_min=&price_max=100000000000#results
Anita Tissot Géobio-Immo Sàrl,1920 Martigny,https://anitatissot-immobilier.ch/,https://anitatissot-immobilier.ch/immobilien/?availabilities[]=active&availabilities[]=taken&availabilities[]=reserved&salestypes[]=buy
Anniviers Immobilier,3961 Grimentz,https://anniviers-immobilier.ch,https://www.anniviers-immobilier.ch/fr/acheter
Anzère Vacances Sàrl,1972 Anzère,https://anzere-vacances.ch,
Ariane Immobilier,3963 Crans-Montana,https://ariane-immobilier.ch,https://www.ariane-immobilier.ch/a-vendre?post=1&deal=sale&page=1&sort=dd&location=+5&radius_from=0&radius_to=5&style=thumbnail
Au Club Immobilier SA,1938 Champex-Lac,,
Av.de la Gare 46,1920 Martigny,https://www.hotelvictoria.ch/en,
Avanthay & Partners SA,1874 Champéry,https://www.avanthaypartners.com/en,https://www.avanthaypartners.com/to-sale
B2B Immo SA,1897 Bouveret,,
BARNES Ventes | Crans-Montana,3963 Crans-Montana,,
BARNES Ventes | Sion,1950 Sion,https://www.barnes-international.com/,https://www.barnes-international.com/fr/vente/suisse.html?search
BARNES Ventes | Zermatt,3920 Zermatt,,
BARNES | Verbier,1936 Verbier,https://barnes-suisse.com,https://www.barnes-suisse.ch/p2777-acheter.html
BARRAS & SCHEUCHZER Immobilier SA,3963 Crans-Montana,https://www.bs-immobilier.ch/en/buy,https://www.bs-immobilier.ch/en/buy
BAY Invest Sàrl,1950 Sion,,
Bagnes Immobilier Sàrl,1934 Le Châble VS,http://www.bagnesimmobilier.ch,https://bagnesimmobilier.ch/acheter/
BeHome,1955 Chamoson,https://behome.com/?srsltid=AfmBOoo4ZYA_vdlw24qVKFtpUEUKU9hnMMOS9DjVXgmLcQ0Uqt3Gy_td,
Bellis Immo SA,1955 Chamoson,https://bellis-immo.ch,https://bellis-immo.ch/acheter-un-bien/
Beneyton Immo Sàrl,1868 Collombey,https://beneyton.com,
Besson Immobilier SA,1936 Verbier,https://besson.ch,https://besson.ch/fr/acheter
Besta Immobilier SA,1920 Martigny,https://bestazzoni.ch,
Bigot Sàrl,3968 Veyras,https://www.bigot-sarl.fr/,
Bonjour Conseils et Immobilier,1950 Sion,https://bonjour-ci.ch,https://bonjour-ci.ch/biens-immobiliers-a-vendre/
Boson Immo,1926 Fully,https://bosonimmo.ch/fr,https://www.bosonimmo.ch/a-vendre
Bureau Commercial Freddy Michaud SA Immobilier,1936 Verbier,https://allverbier.com,https://www.allverbier.ch/fr/ventes
Bureau d'Architecture Bernard Rey,3963 Crans-Montana,https://bernardarchitecture.ch/,https://bernardarchitecture.ch/vente/
Bureau d'affaires touristiques,3967 Vercorin,https://batimmobilier.ch,https://batimmobilier.ch/fr/sale
Bureau21 SA,3963 Crans-Montana,https://bureau21.ch/,https://bureau21.ch/vente/
C&P Constantin Immobilier Sàrl,3963 Crans-Montana,https://cpcimmo.ch/,https://cpcimmo.ch/immobilien/?availabilities[]=active&availabilities[]=reserved&availabilities[]=taken&salestypes=buy&locations=country_ch
C-service,1870 Monthey,http://www.csdcca.com/,
CASALP SA I Anzère,1972 Anzère,https://agencecasalp.ch/ch/,https://agencecasalp.ch/ch/Recherche
CASALP SA I Crans-Montana,3963 Crans-Montana,https://agencecasalp.ch/ch/,
CASALP SA I Haute-Nendaz,1997 Haute-Nendaz,https://agencecasalp.ch/ch/,
CDE Construction,1870 Monthey,https://cde-construction.ch,https://www.cde-construction.ch/properties
CECIM - Centre de Compétences Immobilières,1950 Sion,http://www.cecim.ch,
CH.HANSTEIN Immobilier Sàrl,3963 Crans-Montana,https://christianehanstein.com/en/,https://christianehanstein.com/en/properties-wallis-crans/
COM'IN Immobilier SA,1950 Sion,https://comin-immo.ch,https://www.comin-immo.ch/a-vendre
Carron Immobilier SA,1950 Sion,https://carron-immobilier.ch,https://www.carron-immobilier.ch/fr/trouvez-votre-bien-a-la-vente-454
Ch.de la Barmète 18,1936 Verbier,https://www.chaletsverbier.ch/en,
Chandolin Jolival Sàrl,3961 Chandolin,https://www.chandolinjolival.ch/en,https://www.chandolinjolival.ch/en/sales
ChateauShares Developments,1923 Les Marécottes,https://www.chateaushares.com/,
Clerver and partners SA,3963 Crans-Montana,https://clever.sa/,
Cobat Construction Sàrl,1950 Sion,https://www.cobatconstructions.fr/,
Constantin Promotion SA,1920 Martigny,https://constantin-promo.ch,https://constantin-promo.ch/vente/
CosyHome Immobilier,1950 Sion,https://www.cosyhomeimmobilier.com/,
Coucou&Co SA,1950 Sion,https://coucounco.ch/en/,
Crans-Montana Real Estate,3963 Crans-Montana,,
Cécile immobilier & architecture,3963 Crans-Montana,https://www.cecile-immobilier.ch/,
DBI Dolorès Bruttin Immobilier Sàrl,1950 Sion,https://dbimmo.ch,
DM-immo.ch,1870 Monthey,https://dm-immo.ch/en/,https://dm-immo.ch/en/for-sales
DP Immob Sàrl,1873 Val-d'Illiez,https://dpimmob.ch,https://dpimmob.ch/acheter-bien-immobilier/
David Immobilier,1936 Verbier,https://www.davidimmo.com/,
Dini & Associés SA,1920 Martigny,https://www.dini-associes.ch,
Divinimmo Sàrl,1950 Sion,https://divinimmo.ch,https://divinimmo.ch/fr/ventes
Domicim Sion,1950 Sion,https://vimova.ch/,https://vimova.ch/fr/acheter/
Drapel Immobilier Sàrl,1890 St-Maurice,https://drapelimmobilier.ch,https://drapelimmobilier.ch/acheter/
Dreamchalet International SA,1997 Haute-Nendaz,https://www.dreamchalet.ch/en,https://www.dreamchalet.ch/to-sale
Décor-Home-Staging Sàrl,3963 Crans-Montana,,
E-IMMOBILIER SA,3960 Sierre,https://eimmobilier.ch,https://www.eimmobilier.ch/fr/a-vendre
EV Real Estate Services SARL,1997 Haute-Nendaz,https://www.evres.ch/,https://www.evres.ch/fr/sales/properties/
Ecluses 5,1997 Haute-Nendaz,,
Edelweiss Swiss Immo Sàrl,1920 Martigny,https://edelweiss.immo,https://edelweiss.immo/
Enotiko Sàrl,1950 Sion,https://www.enotiko.ch/,
Entremont Immobilier,1945 Liddes,https://entremontimmo.ch/,https://entremontimmo.ch/immobilien/?availabilities[]=active&availabilities[]=reserved&availabilities[]=taken&salestype[]=buy
Espace des Remparts 13,1950 Sion,,
Eurolocation et Immobilier SA,1911 Ovronnaz,https://www.eurolocation.ch/,https://www.eurolocation.ch/a-vendre
ExperImmo Conseils SA,1950 Sion,,
FelpImmo,3968 Veyras,,
Follonier FM SA,1958 Uvrier,https://www.follonierfm.ch/,https://www.follonierfm.ch/objets/a-vendre
Foti Immobilier Sàrl,1870 Monthey,https://www.foti-immo.ch/,https://www.foti-immo.ch/vente
G-immobilier Sàrl,1870 Monthey,https://www.gimmobilier.ch/fr,https://www.gimmobilier.ch/a-vendre
GAIA Real Estate SA,3963 Crans-Montana,https://gaiarealestate.ch/,https://gaiarealestate.ch/for-sale/
GF Immobilier Sàrl,1873 Champoussin,https://gfimmobilier.ch,https://gfimmobilier.ch/fr/ACHETER/
GLOBAL IMMOR,1964 Conthey,,
Gaudin Immobilier,3966 Réchy,https://gauvinimmobilier.com/en/,
Gepimmo,1950 Sion,https://gepimmo.ch,https://gepimmo.ch/page/avendre
Gerofinance-Dunand SA - Service Location - Sion,1950 Sion,https://en.gerofinance.ch/,
Getisa Immobilière SA,1920 Martigny,https://www.getisa.ch/,https://www.getisa.ch/fr/a-vendre.html
Giocom Sàrl,1893 Muraz (Collombey),https://giocom.ch/,https://giocom.ch/#biens
Globât Immo Sàrl,1920 Martigny,,
Grand Place 14,3963 Crans-Montana,,
Grand Rue 21,1904 Vernayaz,https://rue21.com/,
Grächmatten 24,3956 Guttet-Feschel,,
HERENS immobilier SA,1982 Euseigne,,
HSI Home Service Immobilier,1895 Vionnaz,http://hsi-immo.ch/,https://hsi-immo.ch/immobilien/?availabilities[]=active&availabilities[]=taken&availabilities[]=reserved&salestypes[]=buy
High Prod,1955 St-Pierre-de-Clages,https://www.highproduction.cz/,
Holidayservices.ch,3963 Crans-Montana,,
Home2C,1893 Muraz (Collombey),https://home2c.ch/,https://home2c.ch/vente/
I A M Sion,1950 Sion,https://iamsion.com/,
IMMOBILIA Grimentz,3961 Grimentz,https://www.i-g.ch/en/,
IMMOSION SA,1950 Sion,,
IMMOTINO Sàrl,1906 Charrat,https://immotino.ch/,https://immotino.ch/acheter/
IPM Immobilier,1964 Conthey,https://www.ipm-immobilier.com/,
ISELIA Sàrl,1920 Martigny,,
Ideal Living Immobilier SA,1955 Chamoson,https://www.ili.immo/,https://www.ili.immo/annonces/acheter
Iller Constructions,1997 Haute-Nendaz,https://iller-constructions.com,https://www.iller-constructions.com/f/objet-a-vendre.asp
Immo Glad Sàrl,1895 Vionnaz,https://immoglad.ch/,https://immoglad.ch/a-vendre/
Immo Sélec'Sion Sàrl,1950 Sion,,
Immo-Consultant SA,1950 Sion,https://www.ic-groupe.ch/fr,https://www.ic-groupe.ch/a-vendre
Immo-Rhône SA,1868 Collombey,https://immo-rhone.ch,https://immo-rhone.ch/immobilien-vermarktungsart/buy/
Immo-Trading,1950 Sion,https://www.immotrading.at/,
ImmoCrans SA,3963 Crans-Montana,https://immocrans.ch/fr/o/a-louer-appartement-de-vacances-crans-montana-5216812,https://www.immocrans.ch/a-vendre
Immob2000,3960 Sierre,https://www.immob2000.ch/,https://www.immob2000.ch/1032-immobilier-ventes
Immobilier Vacances,3961 St-Luc,http://www.immobilier-vacances.ch,https://www.immobilier-vacances.ch/fr/ventes
Immobilier du Pont,1934 Le Châble VS,https://www.immobilierdupont.ch/fr,https://www.immobilierdupont.ch/a-vendre?post=1&deal=sale&page=1&sort=id&location=+5&radius_from=0&radius_to=5&style=thumbnail
Immoval.ch - Sion,1950 Sion,https://www.immoval.ch/,https://www.immoval.ch/p5-vendre.html
JDD Immobilier SA,1907 Saxon,,
JHC immobilier Sàrl,1920 Martigny,https://jfr.ch,https://www.jfr.ch/a-vendre
JMP-IMMO Sàrl,1950 Sion,https://jmp-immo.ch,https://jmp-immo.ch/jmpimmo-ventes
Jean-Marie Schaffter,3961 Vissoie,,
John Taylor Crans-Montana,3963 Crans-Montana,,
John Taylor Sion,1950 Sion,,
John Taylor Verbier,1936 Verbier,,
JuL'immobilier,1926 Fully,https://www.julesimmo.be/fr/,
KENZELMANN IMMOBILIEN,3902 Glis,https://kenzelmann.ch,https://www.kenzelmann.ch/objekte
KL Immo Sàrl,1963 Vétroz,https://klimmo.ch,https://klimmo.ch/proprietes-a-vendre/
KV Immobilier Sàrl,3960 Sierre,https://kvimmobilier.ch/,https://kvimmobilier.ch/#a-vendre
Kaza Concept,1874 Champéry,https://kazapracownia.pl/en/,
Kaza SA,1893 Muraz (Collombey),https://kaza.ch/en/,https://kaza.ch/en/buy-rent
Köppel Immobilien AG,3956 Guttet-Feschel,https://www.koeppel-immobilien.ch/,https://www.koeppel-immobilien.ch/Angebote/offres/
L'Agence Immo Maret-Bonvin,1965 Savièse,https://www.lagenceimmo.ch/en,https://www.lagenceimmo.ch/for-sale
L'adresse Immobilière,1920 Martigny,http://www.ladresse.ch,https://www.ladresse.ch/fr/vente/adresse-immobiliere/
L.L & B.S L'immobilière Sàrl,1907 Saxon,https://llbs.ch/,https://llbs.ch/immobilien/?availabilities[]=active&availabilities[]=taken&availabilities[]=reserved&salestypes[]=buy
LATICO,1950 Sion,https://latico.ch,
LAURENT G Immobilier Sàrl,1920 Martigny,https://laurent-g.ch/,https://laurent-g.ch/immobilien/?availabilities[]=active&availabilities[]=reserved&availabilities[]=taken
LIVIN'CRANS,3963 Crans-Montana,http://livincrans.ch,https://www.livincrans.ch/site/list?d=sale
La Belle Immo Entremont,1933 Sembrancher,https://labelleimmoentremont.ch,https://labelleimmoentremont.ch/immobilien/?availabilities[]=active&availabilities[]=reserved&availabilities[]=taken&salestype[]=buy
La Poya 2,1982 Euseigne,https://hotel-le-sapin.ch,
Lanimmo SARL,1871 Choëx,https://lanimmo.ch/,https://lanimmo.ch/bien-immobilier-a-vendre/
Laura Sarrasin Immo Sàrl,1920 Martigny,,
Les fumeaux 24,1920 Martigny,,
Loreto1 Trading SA,1950 Sion,https://loreto1-trading.ch,https://www.loreto1-trading.ch/villas-1
Luxury Homes,3963 Crans-Montana,https://www.luxuryhomes.com/,
L’AGENCE immobilère,1950 Sion,https://www.lagence-immobiliere.be/,
M concept Immo,3963 Crans-Montana,https://mconceptimmo.ch/,https://mconceptimmo.ch/recherche/?status[]=a-vendre&rooms=&min-price=&max-price=
MBA Immobilier SA,1920 Martigny,http://www.mbaimmobilier.ch,https://mbaimmobilier.ch/immobilien/?availabilities[0]=active&availabilities[1]=taken&availabilities[2]=reserved
MC ImmoGérance Sàrl,1911 Ovronnaz,https://www.mc-immogerance.ch/,https://www.mc-immogerance.ch/promotion-immobiliere/appartements-vente-ovronnaz.html
MDK Immobilier - Champéry,1874 Champéry,https://mdk.ch/en/,https://mdk.ch/en/buy
MDK Immobilier - Monthey,1870 Monthey,https://mdk.ch/fr/,
MGSA,1958 St-Léonard,https://math.berkeley.edu/~mgsa/,
MP Immo,1911 Ovronnaz,https://mpimmo.ch,https://mpimmo.ch/biens/appartement/
MYSA Home Sàrl,1950 Sion,https://mysa-home.ch,
MaVente.ch,3960 Sierre,https://mavente.ch/,
Maitre Immobilier,1920 Martigny,https://maitreimmo.ch,
Marcel-André Bruttin SA,3979 Grône,,
Martignoni Gérances Immobilières SA,1997 Haute-Nendaz,https://martignoni-gerances.ch,https://www.martignoni-gerances.ch/vente
Martin Bagnoud,3960 Sierre,http://aimb.ch/,http://aimb.ch/fr/acheter
Mathieu Kasper,1872 Troistorrents,,
Mawee SA,1904 Vernayaz,https://mawee.ch,
Max Zellweger,1950 Sion,,
MeLoger Sàrl,1913 Saillon,,
Michèle PIERROZ GERANCE,1920 Martigny,https://www.michelepierrozgerance.ch/,https://www.michelepierrozgerance.ch/en-vente
Mickael Hofmann Immobilier Sàrl,1950 Sion,https://mhimmo.ch,https://www.mhimmo.ch/proprietes/
Mises en valeur by Speckinger,3975 Randogne,http://www.misesenvaleur.ch,
Modulor SA,1868 Collombey,http://www.modulorsa.ch,
Montan'Agence,3963 Crans-Montana,https://montanagence.ch,https://www.montanagence.ch/fr/vente?dir=after&cursor=MTE=
Moser & Barras services immobiliers,1950 Sion,,
My Agency,3963 Crans-Montana,https://myagencyofcny.com/,
MyCasa,1907 Saxon,https://my.casa.gov.au/,
NDMH Sàrl,1920 Martigny,https://www.ndmh.ch/fr,https://www.ndmh.ch/a-vendre
Nanchen & Pralong,1958 St-Léonard,https://nanchenpralong.ch/,https://nanchenpralong.ch/sale-listings/
Nendaz-Vente Immobilier Sàrl,1997 Haute-Nendaz,https://nendaz-vente.ch,https://www.nendaz-vente.ch/fr/recherche?page_size=&pagination_type=&from=all&post=1&location=&location_search=&price_from=&price_to=&map_bounds=&surface_ground_from=&surface_ground_to=&sort=dd&Rechercher=
Nexti SA,3963 Crans-Montana,https://www.nexti.co.za/,
Novagence Anzère,1972 Anzère,https://novagence-anzere.ch,https://www.novagence-anzere.ch/fr/vente-2.html
OLICRANS SARL,1958 Uvrier,,
Obere Maressenstrasse 57,3954 Leukerbad,,
One CransMontana,3963 Crans-Montana,https://www.saphirimmo.ch/en,https://www.saphirimmo.ch/en/vente?sort=price_asc
PANAIMMOB,1950 Sion,https://www.panaimmob.ch/,https://www.panaimmob.ch/fr/reventes/
PI Promotions Immobilières Sàrl,1870 Monthey,https://pi-promotions.ch,https://pi-promotions.ch/properties/
PPE Les Luizets,1906 Charrat,,
PRIVERA AG - Sion,1950 Sion,https://www.privera.ch/,https://www.privera.ch/fr/offre-de-biens-immobiliers/annonces
Pannatier immobilier Sàrl,1950 Sion,https://pannatier-immobilier-49.webself.net/,
Parc-Immobilier Sàrl,1963 Vétroz,https://www.parc-immobilier.ch/,https://www.parc-immobilier.ch/site/list?d=sale
Patrick Immobilier Sàrl - Arbaz,1974 Arbaz,,
Piney d'en Haut SA,3960 Sierre,,
PointCom1 Sàrl,1926 Fully,,
Promo business Sàrl,1976 Erde,,
Pré-Fleuri 9,1950 Sion,https://pre-fleuri.ch,
Qerkini Immobilier Sàrl,1870 Monthey,,
R GESTION Sàrl,1907 Saxon,,
R.T.B. Corvaglia Sàrl,1895 Vionnaz,https://villartb.ch,https://villartb.ch/objets
RCI Roux Courtage Immobilier Sàrl,1950 Sion,https://rci-immobilier.ch,https://www.rci-immobilier.ch/acheter
RE/MAX Immobilier à Nendaz,1997 Haute-Nendaz,,
RFG Immobilier,1926 Fully,http://www.rfgimmobilier.ch,https://rfgimmobilier.ch/recherche-bien/
RIBORDY IMMOBILIER - Martigny,1920 Martigny,https://ribordysa.ch/,https://ribordysa.ch/acheter/
RUDY Immobilier Sàrl,1870 Monthey,https://www.rudy-immobilier.ch/,https://www.rudy-immobilier.ch/acheter-un-bien-immobilier
RV-Service SA,1926 Fully,https://www.rv-service.ch/,https://www.rv-service.ch/vente-1
Real Estate Wallis,1950 Sion,,
Residence2b Sàrl,1950 Sion,https://residence2b.ch,https://residence2b.ch/immobilien/?availabilities[]=active&availabilities[]=reserved&availabilities[]=taken
Rigolet SA,1870 Monthey,https://rigolet.ch,https://rigolet.ch/immobilier/vente#
Rive Droite Groupe Immobilier SA,1950 Sion,https://rivedroite.ch/en/,https://rivedroite.ch/liste-de-biens-immobiliers-a-vendre/
Roduit-Bourban Immobilier & Gérances SA,1950 Sion,https://www.roduit-bourban.ch/,
Roqu'immo,3966 Réchy,https://roquimmo.ch,https://www.roquimmo.ch/site/list?d=sale
Rossier Immobilier Sàrl,1987 Hérémence,https://www.rosset.ch/,https://www.rosset.ch/vente/logements/all/geneve/?LSort=pieces_asc&page_no=1&place_lat=46.2043907&place_lng=6.143157699999961&localite_npa=Canton Genève&radius=13&zoom=10
Route de Grimentz 1,3961 Vissoie,,
Route de la Télécabine 3,1997 Haute-Nendaz,,
Régie Immobilière SOLALP SA,3963 Crans-Montana,https://bobst-immobilier.ch,https://bobst-immobilier.ch/immobilien/?availabilities[]=active&availabilities[]=reserved&availabilities[]=taken&salestype[]=buy
SASimmo SA,1920 Martigny,,
SGI - SUISSE GESTION IMMOBILIER SA,1920 Martigny,,
STR Sàrl,1920 Martigny,,
SUNIMMO,3963 Crans-Montana,https://mysunimmo.ch/en,https://mysunimmo.ch/en/properties?type=2
Saillon Immobilier,1913 Saillon,https://www.saillonimmobilier.ch/,https://www.saillonimmobilier.ch/maisons-villas
Sarbach Real Estate & Consulting,3954 Leukerbad,https://immobilienleukerbad.ch/,https://immobilienleukerbad.ch/fr/vente/derniers-biens-immobiliers/index.htm
Sel & Poivre Agence Immobilière,1950 Sion,https://www.selpoivre.ch,https://selpoivre-immo.ch/immobilien/
SonnerImmobilier Sàrl,1920 Martigny,http://www.snimmo.ch/,http://www.snimmo.ch/fr/acheter
Sovalco SA construction & immobilier,1950 Sion,https://www.sovalco.ch/fr,https://www.sovalco.ch/fr/proprietes/
St-Guérin 30,1950 Sion,https://stguerinparish.org/,
Steiger&Cie Crans-Montana SA,3963 Crans-Montana,https://www.crans-montana.ch/en/?idcmt=Partenaire_Agenceimmobiliere_4e1686d22923e1bc736d56567fb02544,
Steiger&Cie Verbier SA,1936 Verbier,,
Steiger&Cie Zermatt AG,3920 Zermatt,,
Summit Immobilier,3963 Crans-Montana,https://summitimmobilier.ch,https://www.summitimmobilier.ch/vente
Swiss Balanced Living Sàrl,3963 Crans-Montana,,
Swisstarget,3961 St-Jean VS,https://www.swisstargetprediction.ch/,
TP Immobilier,3963 Crans-Montana,https://orllati.ch,
Tempel 9,3920 Zermatt,,
Texier Immobilier,1874 Champéry,https://texier.ch/,"https://texier.ch/vente/?listing_type=buy&listing_status=available,reserved"
Theytaz immobilier,3960 Sierre,http://theytaz-immobilier.ch,
Thyon immobilier,1988 Les Collons,https://thyon-immo.ch/,https://thyon-immo.ch/?s
Tour-St-Martin SA,1997 Haute-Nendaz,,
Tradition Chalet SA,3963 Crans-Montana,https://traditionchalet.ch,https://traditionchalet.ch/a-vendre/
Tscherry immobilier,1907 Saxon,,
Unanimmo SA,1957 Ardon,https://unanimmo.ch,https://unanimmo.ch/immobilien/
VAL Group - Zermatt,3920 Zermatt,https://valgroup-zermatt.ch,https://valgroup-zermatt.ch/en/immobilien/?availabilities[]=active&availabilities[]=reserved&availabilities[]=taken
VAL Group AG - Brig,3900 Brigue,https://valgroup.ch/fr/,
VAL Group AG - Visp,3930 Visp,https://valgroup.ch/fr/,
VAL Group SA - Sion,1950 Sion,https://valgroup.ch/,https://valgroup.ch/fr/immobilien/?availabilities[]=active&salestypes[]=buy
VERBIER.net,1936 Verbier,https://verbier.net/,https://verbier.net/properties-for-sale
VFP Immobilier SA,1936 Verbier,https://vfp.ch,https://www.vfp.ch/fr/vente-12/?search-form-ohuho-courtage[paged]=2&search-form-ohuho-courtage[seed]=0&search-form-ohuho-courtage[loading_more]=1
VH Invest Sàrl,1950 Sion,https://vhinvest.ch,https://www.vhinvest.ch/biens-en-vente
VS Immobiliers SA,1963 Vétroz,https://vimova.ch/,https://vimova.ch/fr/acheter/
ValaisExclusif.ch,3960 Loc,https://valaisexclusif.ch/,https://valaisexclusif.ch/immobilien/?availabilities[]=active&availabilities[]=taken&availabilities[]=reserved&salestypes[]=buy
Variante B Immo,1897 Bouveret,https://www.varianteb.ch/,
Verbier - AB Immobilier,1936 Verbier,https://www.abimmobilier.ch/fr/,https://www.abimmobilier.ch/fr/a-vendre
Vieille Rue 8,1934 Le Châble VS,,
Vision Consulting immobilier Sàrl,3976 Noës,https://consulting-immo.ch,https://www.consulting-immo.ch/fr/0__1_1_0__/immobilier-mon-appartement-ma-maison-appartement.html
Vision Immedia Sàrl,1950 Sion,https://visionimmedia.ch/,https://immo.visionimmedia.ch/site/list?d=sale
WARPELIN immobilier Sàrl,1870 Monthey,https://w-immobilier.ch,https://w-immobilier.ch/fr/acheter
WPA Consulting Sàrl,1913 Saillon,https://www.wpaconsulting.ch/,
XYZ Immobilier Sàrl,1920 Martigny,https://www.xyz-immobilier.ch/,https://www.xyz-immobilier.ch/acheter
Yolande Claivaz Immobilier,1965 Savièse,https://yclaivaz.ch/,https://yclaivaz.ch/sale-listings/
Your Verbier Chalet,1936 Verbier,https://yourverbierchalet.ch,https://www.yourverbierchalet.ch/fr/vente
Z.I. Les Combes 1,1955 St-Pierre-de-Clages,,
ZHUBI SAUTHIER IMMOBILIER Sàrl,1964 Conthey,https://www.zhubi-sauthier.ch/,https://www.zhubi-sauthier.ch/properties
ZI Bovéry 5,1868 Collombey,,
ZI Rosses 16,1893 Muraz (Collombey),https://www.unl.edu/,
Zinal-Chalets,3961 Zinal,http://www.zinalchalets.ch,https://www.zinalchalets.ch/fr/ventes
Zodiac Sàrl,1920 Martigny,https://zodiac-finances.ch,
Zone Industrielle Bovéry 19,1868 Collombey,,
a2 concept,3963 Crans-Montana,,
coming home GmbH,3904 Naters,https://coming-home.ch/,https://coming-home.ch/fr/acheter
immo-valais.ch SA,1920 Martigny,https://immo-valais.ch,https://immo-valais.ch/fr/acheter-2
nicoleREimmobilier,3963 Crans-Montana,https://www.nicolereimmobilier.com/,https://www.nicolereimmobilier.com/fr/acheter
"p/a Fidag, rue des Cèdres 9",1920 Martigny,,
saint-martimmo sàrl,1969 St-Martin VS,https://saint-martimmo.ch/,https://saint-martimmo.ch/resultats-de-recherche-2/?es=1&address=&min_price=&max_price=&es_category[]=&es_type[]=&min_area=&max_area=&min_lot_size=&max_lot_size=&min_floors=&max_floors=
varone-immo.ch sàrl,1965 Savièse,https://varone-immo.ch,https://www.varone-immo.ch/fr/acheter
woodea sa,1891 Vérossaz,https://woodea.es/,